"","X.1","X","ID","Player","Season","Top.px...Location.","Left.px...location.","Date","Team","Opponent","Location","Quarter","Game_Clock","Outcome..1.if.made..0.otherwise.","Shot_Value","Shot_Distance.ft.","Team_Score","Opponent_Score"
"596",596,596,"abdursh01","Shareef Abdur-Rahim",2001,"312",431,103100,"VAN","SEA","HOME","1","0:00",0,3,32,34,18
"631",631,631,"abdursh01","Shareef Abdur-Rahim",2001,"267",390,110400,"VAN","LAL","HOME","3","00:01.1",0,3,26,60,77
"648",648,648,"abdursh01","Shareef Abdur-Rahim",2001,"109",473,110800,"VAN","DAL","AWAY","1","11:46",1,3,24,3,0
"691",691,691,"abdursh01","Shareef Abdur-Rahim",2001,"54",466,111600,"VAN","LAC","HOME","2","00:01.9",0,3,23,38,47
"702",702,702,"abdursh01","Shareef Abdur-Rahim",2001,"105",473,112000,"VAN","DEN","HOME","1","7:53",0,3,24,13,7
"891",891,891,"abdursh01","Shareef Abdur-Rahim",2001,"84",466,121100,"VAN","HOU","HOME","3","5:35",0,3,23,46,45
"926",926,926,"abdursh01","Shareef Abdur-Rahim",2001,"80",471,121700,"VAN","ORL","HOME","2","4:20",0,3,23,41,41
"967",967,967,"abdursh01","Shareef Abdur-Rahim",2001,"259",393,122300,"VAN","LAC","AWAY","2","4:16",0,3,26,30,39
"1092",1092,1092,"abdursh01","Shareef Abdur-Rahim",2001,"52",483,10901,"VAN","DEN","HOME","4","2:15",1,3,24,101,103
"1095",1095,1095,"abdursh01","Shareef Abdur-Rahim",2001,"76",475,11201,"VAN","SEA","AWAY","1","11:00",0,3,24,2,2
"1147",1147,1147,"abdursh01","Shareef Abdur-Rahim",2001,"204",441,11501,"VAN","LAL","AWAY","1OT","00:27.8",1,3,25,110,111
"1208",1208,1208,"abdursh01","Shareef Abdur-Rahim",2001,"120",466,12501,"VAN","DAL","AWAY","1","10:18",0,3,24,0,4
"1248",1248,1248,"abdursh01","Shareef Abdur-Rahim",2001,"42",475,12901,"VAN","NJN","HOME","4","00:48.9",0,3,24,91,81
"1291",1291,1291,"abdursh01","Shareef Abdur-Rahim",2001,"213",420,20301,"VAN","CHI","HOME","3","9:34",0,3,24,49,39
"1456",1456,1456,"abdursh01","Shareef Abdur-Rahim",2001,"246",386,22401,"VAN","CHI","AWAY","4","00:44.9",0,3,24,75,88
"1469",1469,1469,"abdursh01","Shareef Abdur-Rahim",2001,"248",393,22701,"VAN","DAL","HOME","2","1:39",1,3,25,55,59
"1473",1473,1473,"abdursh01","Shareef Abdur-Rahim",2001,"170",456,22701,"VAN","DAL","HOME","4","11:41",1,3,25,86,87
"1585",1585,1585,"abdursh01","Shareef Abdur-Rahim",2001,"236",420,31401,"VAN","CHH","AWAY","3","1:36",0,3,26,66,71
"1612",1612,1612,"abdursh01","Shareef Abdur-Rahim",2001,"78",473,31701,"VAN","MIA","AWAY","2","10:08",0,3,23,20,30
"1705",1705,1705,"abdursh01","Shareef Abdur-Rahim",2001,"78",475,32901,"VAN","NYK","HOME","4","5:34",0,3,24,82,62
"1712",1712,1712,"abdursh01","Shareef Abdur-Rahim",2001,"240",454,40101,"VAN","UTA","HOME","1","00:01.9",0,3,29,22,25
"1821",1821,1821,"abdursh01","Shareef Abdur-Rahim",2001,"54",471,41401,"VAN","HOU","HOME","4","9:30",0,3,23,71,77
"1933",1933,1933,"abdursh01","Shareef Abdur-Rahim",2002,"67",473,110501,"ATL","LAC","AWAY","3","8:39",0,3,23,53,59
"2035",2035,2035,"abdursh01","Shareef Abdur-Rahim",2002,"244",397,112101,"ATL","BOS","AWAY","3","00:01.3",1,3,25,72,62
"2107",2107,2107,"abdursh01","Shareef Abdur-Rahim",2002,"238",393,112601,"ATL","NYK","AWAY","4","00:16.7",0,3,24,83,85
"2131",2131,2131,"abdursh01","Shareef Abdur-Rahim",2002,"46",468,112901,"ATL","CLE","AWAY","4","5:51",0,3,23,92,86
"2251",2251,2251,"abdursh01","Shareef Abdur-Rahim",2002,"261",403,122101,"ATL","PHI","AWAY","3","8:42",0,3,27,49,56
"2257",2257,2257,"abdursh01","Shareef Abdur-Rahim",2002,"78",473,122201,"ATL","CHH","HOME","1","3:23",0,3,23,12,24
"2296",2296,2296,"abdursh01","Shareef Abdur-Rahim",2002,"42",468,122701,"ATL","MIA","HOME","1","2:21",0,3,23,15,31
"2308",2308,2308,"abdursh01","Shareef Abdur-Rahim",2002,"141",468,122701,"ATL","MIA","HOME","3","00:00.3",1,3,25,69,80
"2425",2425,2425,"abdursh01","Shareef Abdur-Rahim",2002,"284",331,11202,"ATL","BOS","HOME","2","3:43",0,3,25,37,47
"2439",2439,2439,"abdursh01","Shareef Abdur-Rahim",2002,"215",416,11502,"ATL","DAL","HOME","2","3:09",0,3,24,48,49
"2479",2479,2479,"abdursh01","Shareef Abdur-Rahim",2002,"48",466,11902,"ATL","MIL","HOME","3","11:24",0,3,23,60,59
"2571",2571,2571,"abdursh01","Shareef Abdur-Rahim",2002,"177",460,20202,"ATL","LAC","HOME","3","3:39",1,3,25,64,65
"2685",2685,2685,"abdursh01","Shareef Abdur-Rahim",2002,"63",483,21902,"ATL","SAC","AWAY","2","1:16",0,3,24,37,49
"2871",2871,2871,"abdursh01","Shareef Abdur-Rahim",2002,"286",342,31502,"ATL","PHO","HOME","4","6:04",0,3,26,84,71
"3014",3014,3014,"abdursh01","Shareef Abdur-Rahim",2002,"42",468,40202,"ATL","MIL","HOME","3","1:37",1,3,23,73,59
"3169",3169,3169,"abdursh01","Shareef Abdur-Rahim",2003,"45",473,103102,"ATL","UTA","HOME","3","11:11",1,3,23,55,46
"3188",3188,3188,"abdursh01","Shareef Abdur-Rahim",2003,"41",476,110502,"ATL","DEN","AWAY","1","8:38",1,3,24,8,2
"3240",3240,3240,"abdursh01","Shareef Abdur-Rahim",2003,"85",478,111002,"ATL","SAC","AWAY","3","5:48",1,3,24,56,64
"3333",3333,3333,"abdursh01","Shareef Abdur-Rahim",2003,"200",445,112302,"ATL","BOS","HOME","4","1:47",0,3,25,94,103
"3390",3390,3390,"abdursh01","Shareef Abdur-Rahim",2003,"45",467,113002,"ATL","ORL","AWAY","2","5:33",0,3,23,45,50
"3446",3446,3446,"abdursh01","Shareef Abdur-Rahim",2003,"96",473,121102,"ATL","DET","AWAY","4","3:06",1,3,24,73,81
"3449",3449,3449,"abdursh01","Shareef Abdur-Rahim",2003,"50",478,121202,"ATL","MIN","AWAY","1","8:11",1,3,24,11,6
"3490",3490,3490,"abdursh01","Shareef Abdur-Rahim",2003,"267",393,122002,"ATL","HOU","AWAY","3","10:06",0,3,27,53,42
"3534",3534,3534,"abdursh01","Shareef Abdur-Rahim",2003,"53",473,122702,"ATL","SAS","HOME","1","4:10",0,3,23,12,13
"3568",3568,3568,"abdursh01","Shareef Abdur-Rahim",2003,"270",363,122802,"ATL","WAS","AWAY","4","00:29.8",0,3,25,74,80
"3653",3653,3653,"abdursh01","Shareef Abdur-Rahim",2003,"41",480,11403,"ATL","MIL","AWAY","1","8:55",0,3,24,7,5
"3749",3749,3749,"abdursh01","Shareef Abdur-Rahim",2003,"251",381,12203,"ATL","POR","HOME","1OT","1:13",0,3,25,97,100
"3813",3813,3813,"abdursh01","Shareef Abdur-Rahim",2003,"224",434,12903,"ATL","PHI","AWAY","2","0:00",0,3,26,57,35
"3909",3909,3909,"abdursh01","Shareef Abdur-Rahim",2003,"62",475,21403,"ATL","IND","AWAY","4","1:02",0,3,24,85,85
"4026",4026,4026,"abdursh01","Shareef Abdur-Rahim",2003,"50",483,30403,"ATL","DEN","HOME","3","6:46",0,3,24,53,53
"4101",4101,4101,"abdursh01","Shareef Abdur-Rahim",2003,"249",393,31203,"ATL","MIL","HOME","3","6:18",1,3,25,64,62
"4116",4116,4116,"abdursh01","Shareef Abdur-Rahim",2003,"60",472,31403,"ATL","NYK","HOME","3","9:45",1,3,23,60,59
"4146",4146,4146,"abdursh01","Shareef Abdur-Rahim",2003,"269",394,31803,"ATL","CHI","AWAY","1","00:04.8",0,3,27,27,17
"4414",4414,4414,"abdursh01","Shareef Abdur-Rahim",2004,"164",463,110803,"ATL","POR","AWAY","3","4:02",1,3,25,60,60
"4486",4486,4486,"abdursh01","Shareef Abdur-Rahim",2004,"223",416,111703,"ATL","WAS","HOME","4","1:37",0,3,25,87,98
"4508",4508,4508,"abdursh01","Shareef Abdur-Rahim",2004,"76",472,112103,"ATL","SAS","AWAY","2","00:53.9",0,3,23,34,66
"4526",4526,4526,"abdursh01","Shareef Abdur-Rahim",2004,"244",394,112203,"ATL","CLE","HOME","3","2:23",0,3,25,70,62
"5015",5015,5015,"abdursh01","Shareef Abdur-Rahim",2004,"275",343,12504,"ATL","DET","AWAY","4","00:45.9",0,3,25,91,78
"5094",5094,5094,"abdursh01","Shareef Abdur-Rahim",2004,"63",481,20604,"ATL","BOS","AWAY","2","4:05",0,3,24,42,41
"5297",5297,5297,"abdursh01","Shareef Abdur-Rahim",2004,"52",486,31704,"POR","IND","AWAY","4","5:04",1,3,25,71,70
"5303",5303,5303,"abdursh01","Shareef Abdur-Rahim",2004,"264",353,32004,"POR","ORL","HOME","2","7:11",0,3,24,39,28
"5308",5308,5308,"abdursh01","Shareef Abdur-Rahim",2004,"226",427,32004,"POR","ORL","HOME","3","00:00.3",0,3,26,71,56
"5358",5358,5358,"abdursh01","Shareef Abdur-Rahim",2004,"50",467,40304,"POR","NOH","HOME","2","9:07",1,3,23,35,28
"5548",5548,5548,"abdursh01","Shareef Abdur-Rahim",2005,"249",373,113004,"POR","SEA","HOME","2","3:53",0,3,24,39,34
"5553",5553,5553,"abdursh01","Shareef Abdur-Rahim",2005,"50",468,113004,"POR","SEA","HOME","3","7:14",0,3,23,49,55
"5560",5560,5560,"abdursh01","Shareef Abdur-Rahim",2005,"52",475,120404,"POR","SEA","AWAY","3","6:30",1,3,24,61,69
"5669",5669,5669,"abdursh01","Shareef Abdur-Rahim",2005,"164",449,22305,"POR","LAL","HOME","4","00:00.2",0,3,24,83,86
"5710",5710,5710,"abdursh01","Shareef Abdur-Rahim",2005,"251",371,30405,"POR","IND","HOME","4","2:04",1,3,24,97,97
"5719",5719,5719,"abdursh01","Shareef Abdur-Rahim",2005,"269",371,30505,"POR","PHO","AWAY","2","7:11",1,3,26,32,43
"5722",5722,5722,"abdursh01","Shareef Abdur-Rahim",2005,"62",468,30505,"POR","PHO","AWAY","2","00:17.9",0,3,23,46,69
"6028",6028,6028,"abdursh01","Shareef Abdur-Rahim",2005,"251",398,41505,"POR","GSW","AWAY","1","6:44",1,3,26,16,13
"6217",6217,6217,"abdursh01","Shareef Abdur-Rahim",2006,"60",481,112905,"SAC","CHA","HOME","3","6:55",1,3,24,69,53
"6282",6282,6282,"abdursh01","Shareef Abdur-Rahim",2006,"239",424,121005,"SAC","SEA","AWAY","4","1:02",0,3,26,121,102
"6406",6406,6406,"abdursh01","Shareef Abdur-Rahim",2006,"218",424,12406,"SAC","PHI","AWAY","2","6:43",0,3,25,32,37
"6412",6412,6412,"abdursh01","Shareef Abdur-Rahim",2006,"256",386,12406,"SAC","PHI","AWAY","4","00:06.9",0,3,25,103,109
"6449",6449,6449,"abdursh01","Shareef Abdur-Rahim",2006,"231",409,20506,"SAC","UTA","HOME","3","0:00",0,3,25,65,58
"6559",6559,6559,"abdursh01","Shareef Abdur-Rahim",2006,"50",485,31706,"SAC","IND","AWAY","3","00:56.9",0,3,25,73,71
"6732",6732,6732,"abdursh01","Shareef Abdur-Rahim",2006,"244",424,43006,"SAC","SAS","HOME","3","00:07.6",0,3,27,75,64
"6740",6740,6740,"abdursh01","Shareef Abdur-Rahim",2006,"85",462,50506,"SAC","SAS","HOME","3","00:39.9",0,3,22,57,75
"6984",6984,6984,"abdursh01","Shareef Abdur-Rahim",2007,"65",472,123006,"SAC","GSW","HOME","4","1:20",0,3,23,119,94
"7011",7011,7011,"abdursh01","Shareef Abdur-Rahim",2007,"265",363,10607,"SAC","POR","HOME","1OT","0:00",0,3,25,105,110
"7269",7269,7269,"abdursh01","Shareef Abdur-Rahim",2007,"60",465,32107,"SAC","MIN","HOME","2","1:17",1,3,23,45,41
"7343",7343,7343,"abdursh01","Shareef Abdur-Rahim",2007,"49",468,41007,"SAC","MEM","AWAY","1","00:06.9",0,3,23,39,15
"7386",7386,7386,"abdursh01","Shareef Abdur-Rahim",2007,"167",455,41607,"SAC","NOK","HOME","2","1:10",0,3,24,61,57
"104425",104425,104425,"antetgi01","Giannis Antetokounmpo",2014,"215",427,110113,"MIL","BOS","AWAY","3","0:24",0,3,25,68,83
"104461",104461,104461,"antetgi01","Giannis Antetokounmpo",2014,"294",323,113013,"MIL","BOS","HOME","1","1:18",1,3,26,19,27
"104464",104464,104464,"antetgi01","Giannis Antetokounmpo",2014,"281",358,113013,"MIL","BOS","HOME","3","1:11",1,3,26,68,61
"104472",104472,104472,"antetgi01","Giannis Antetokounmpo",2014,"54",463,120413,"MIL","DET","HOME","3","6:13",0,3,22,54,62
"104475",104475,104475,"antetgi01","Giannis Antetokounmpo",2014,"190",447,120413,"MIL","DET","HOME","4","9:16",0,3,25,73,83
"104476",104476,104476,"antetgi01","Giannis Antetokounmpo",2014,"256",399,120613,"MIL","WAS","AWAY","1","3:25",0,3,26,24,20
"104480",104480,104480,"antetgi01","Giannis Antetokounmpo",2014,"215",440,120613,"MIL","WAS","AWAY","3","0:30",0,3,26,78,74
"104513",104513,104513,"antetgi01","Giannis Antetokounmpo",2014,"270",395,122013,"MIL","CLE","AWAY","3","7:39",1,3,27,57,55
"104523",104523,104523,"antetgi01","Giannis Antetokounmpo",2014,"198",435,122313,"MIL","CHA","AWAY","1","4:55",0,3,24,21,8
"104524",104524,104524,"antetgi01","Giannis Antetokounmpo",2014,"294",324,122313,"MIL","CHA","AWAY","2","4:23",1,3,26,50,39
"104525",104525,104525,"antetgi01","Giannis Antetokounmpo",2014,"226",432,122313,"MIL","CHA","AWAY","3","9:51",1,3,26,59,57
"104529",104529,104529,"antetgi01","Giannis Antetokounmpo",2014,"244",427,122713,"MIL","BRK","AWAY","1","11:17",0,3,27,0,0
"104540",104540,104540,"antetgi01","Giannis Antetokounmpo",2014,"261",361,122713,"MIL","BRK","AWAY","4","0:36",0,3,24,88,100
"104544",104544,104544,"antetgi01","Giannis Antetokounmpo",2014,"280",331,122813,"MIL","MIN","HOME","1","2:34",0,3,25,24,26
"104576",104576,104576,"antetgi01","Giannis Antetokounmpo",2014,"151",462,11114,"MIL","OKC","AWAY","2","4:59",0,3,24,25,34
"104588",104588,104588,"antetgi01","Giannis Antetokounmpo",2014,"242",429,11314,"MIL","TOR","AWAY","3","3:15",0,3,27,66,80
"104595",104595,104595,"antetgi01","Giannis Antetokounmpo",2014,"214",432,11514,"MIL","MEM","HOME","4","4:02",0,3,25,67,76
"104609",104609,104609,"antetgi01","Giannis Antetokounmpo",2014,"228",433,11914,"MIL","SAS","AWAY","2","3:28",1,3,26,33,47
"104612",104612,104612,"antetgi01","Giannis Antetokounmpo",2014,"225",422,11914,"MIL","SAS","AWAY","4","6:28",1,3,25,73,92
"104613",104613,104613,"antetgi01","Giannis Antetokounmpo",2014,"196",444,11914,"MIL","SAS","AWAY","4","1:05",0,3,25,80,105
"104619",104619,104619,"antetgi01","Giannis Antetokounmpo",2014,"154",466,12414,"MIL","CLE","AWAY","1","11:01",1,3,25,5,0
"104620",104620,104620,"antetgi01","Giannis Antetokounmpo",2014,"292",400,12414,"MIL","CLE","AWAY","1","9:39",0,3,29,5,2
"104623",104623,104623,"antetgi01","Giannis Antetokounmpo",2014,"263",381,12414,"MIL","CLE","AWAY","4","2:57",1,3,26,70,91
"104626",104626,104626,"antetgi01","Giannis Antetokounmpo",2014,"212",424,12514,"MIL","ATL","HOME","4","5:48",0,3,25,76,107
"104629",104629,104629,"antetgi01","Giannis Antetokounmpo",2014,"253",403,12514,"MIL","ATL","HOME","4","0:21",0,3,26,87,112
"104645",104645,104645,"antetgi01","Giannis Antetokounmpo",2014,"78",473,13114,"MIL","ORL","AWAY","3","3:23",0,3,23,56,79
"104648",104648,104648,"antetgi01","Giannis Antetokounmpo",2014,"69",470,13114,"MIL","ORL","AWAY","3","0:02",0,3,23,64,88
"104652",104652,104652,"antetgi01","Giannis Antetokounmpo",2014,"198",454,20114,"MIL","MEM","AWAY","3","5:03",1,3,26,58,53
"104664",104664,104664,"antetgi01","Giannis Antetokounmpo",2014,"231",410,20514,"MIL","DEN","AWAY","2","6:57",0,3,25,36,36
"104675",104675,104675,"antetgi01","Giannis Antetokounmpo",2014,"267",359,21014,"MIL","BOS","HOME","1","2:45",0,3,25,18,17
"104677",104677,104677,"antetgi01","Giannis Antetokounmpo",2014,"247",394,21014,"MIL","BOS","HOME","2","10:49",1,3,25,29,26
"104684",104684,104684,"antetgi01","Giannis Antetokounmpo",2014,"222",421,21814,"MIL","ORL","HOME","4","5:01",1,3,25,94,91
"104686",104686,104686,"antetgi01","Giannis Antetokounmpo",2014,"237",400,22014,"MIL","DEN","HOME","1","2:00",0,3,25,17,25
"104695",104695,104695,"antetgi01","Giannis Antetokounmpo",2014,"143",460,22214,"MIL","IND","HOME","2","5:23",0,3,24,25,44
"104696",104696,104696,"antetgi01","Giannis Antetokounmpo",2014,"251",391,22214,"MIL","IND","HOME","3","2:12",0,3,25,64,71
"104701",104701,104701,"antetgi01","Giannis Antetokounmpo",2014,"244",400,22414,"MIL","PHI","AWAY","2","8:50",1,3,25,45,31
"104702",104702,104702,"antetgi01","Giannis Antetokounmpo",2014,"53",470,22414,"MIL","PHI","AWAY","2","8:19",0,3,23,45,33
"104711",104711,104711,"antetgi01","Giannis Antetokounmpo",2014,"281",337,30114,"MIL","BRK","HOME","1","3:12",1,3,25,22,23
"104714",104714,104714,"antetgi01","Giannis Antetokounmpo",2014,"39",470,30114,"MIL","BRK","HOME","4","11:22",0,3,23,72,79
"104719",104719,104719,"antetgi01","Giannis Antetokounmpo",2014,"122",474,30314,"MIL","UTA","HOME","2","9:56",1,3,24,35,24
"104720",104720,104720,"antetgi01","Giannis Antetokounmpo",2014,"174",462,30314,"MIL","UTA","HOME","2","7:45",0,3,25,38,31
"104735",104735,104735,"antetgi01","Giannis Antetokounmpo",2014,"311",373,30714,"MIL","NOP","AWAY","2","6:31",0,3,29,33,32
"104744",104744,104744,"antetgi01","Giannis Antetokounmpo",2014,"237",414,31014,"MIL","ORL","HOME","4","2:50",1,3,26,95,81
"104748",104748,104748,"antetgi01","Giannis Antetokounmpo",2014,"234",414,31114,"MIL","MIN","AWAY","4","9:02",0,3,25,85,91
"104753",104753,104753,"antetgi01","Giannis Antetokounmpo",2014,"53",481,31314,"MIL","ATL","AWAY","3","0:22",0,3,24,67,68
"104759",104759,104759,"antetgi01","Giannis Antetokounmpo",2014,"251",381,31614,"MIL","CHA","HOME","2","9:33",0,3,25,32,24
"104768",104768,104768,"antetgi01","Giannis Antetokounmpo",2014,"266",353,31814,"MIL","POR","AWAY","3","0:04",0,3,24,72,75
"104797",104797,104797,"antetgi01","Giannis Antetokounmpo",2014,"266",400,33114,"MIL","DET","AWAY","2","10:37",1,3,27,35,38
"104806",104806,104806,"antetgi01","Giannis Antetokounmpo",2014,"244",406,40214,"MIL","MIA","AWAY","4","5:16",1,3,26,66,90
"104818",104818,104818,"antetgi01","Giannis Antetokounmpo",2014,"135",463,40514,"MIL","TOR","HOME","4","4:45",0,3,24,84,86
"104827",104827,104827,"antetgi01","Giannis Antetokounmpo",2014,"289",351,41214,"MIL","WAS","AWAY","2","2:52",1,3,26,44,47
"104857",104857,104857,"antetgi01","Giannis Antetokounmpo",2015,"304",346,110414,"MIL","IND","AWAY","1","2:35",0,3,28,14,15
"104945",104945,104945,"antetgi01","Giannis Antetokounmpo",2015,"18",479,111914,"MIL","BRK","AWAY","2OT","2:11",0,3,24,107,108
"104998",104998,104998,"antetgi01","Giannis Antetokounmpo",2015,"223",432,112914,"MIL","HOU","HOME","3","11:14",0,3,26,46,53
"105094",105094,105094,"antetgi01","Giannis Antetokounmpo",2015,"288",324,122014,"MIL","LAC","AWAY","3","0:00",0,3,25,83,82
"105129",105129,105129,"antetgi01","Giannis Antetokounmpo",2015,"65",474,123114,"MIL","CLE","AWAY","3","0:35",0,3,23,71,54
"105139",105139,105139,"antetgi01","Giannis Antetokounmpo",2015,"280",342,10215,"MIL","IND","HOME","4","5:42",0,3,25,78,83
"105383",105383,105383,"antetgi01","Giannis Antetokounmpo",2015,"75",477,30315,"MIL","DEN","AWAY","4","3:52",1,3,24,89,95
"105445",105445,105445,"antetgi01","Giannis Antetokounmpo",2015,"51",476,31215,"MIL","IND","AWAY","1OT","2:54",0,3,24,98,101
"105524",105524,105524,"antetgi01","Giannis Antetokounmpo",2015,"333",332,32615,"MIL","IND","HOME","2","0:00",0,3,30,59,47
"105629",105629,105629,"antetgi01","Giannis Antetokounmpo",2015,"247",410,41815,"MIL","CHI","AWAY","4","0:01",0,3,26,91,103
"105700",105700,105700,"antetgi01","Giannis Antetokounmpo",2016,"258",385,103015,"MIL","WAS","HOME","3","7:00",0,3,25,74,67
"105719",105719,105719,"antetgi01","Giannis Antetokounmpo",2016,"289",352,110215,"MIL","BRK","AWAY","2","3:35",0,3,26,52,46
"105737",105737,105737,"antetgi01","Giannis Antetokounmpo",2016,"53",462,110415,"MIL","PHI","HOME","3","7:45",1,3,22,52,52
"105755",105755,105755,"antetgi01","Giannis Antetokounmpo",2016,"29",468,110715,"MIL","BRK","HOME","1","9:22",1,3,22,6,4
"105767",105767,105767,"antetgi01","Giannis Antetokounmpo",2016,"52",473,111015,"MIL","BOS","HOME","2","8:04",0,3,23,27,35
"105784",105784,105784,"antetgi01","Giannis Antetokounmpo",2016,"206",422,111115,"MIL","DEN","AWAY","3","5:12",0,3,23,75,73
"105802",105802,105802,"antetgi01","Giannis Antetokounmpo",2016,"233",409,111415,"MIL","CLE","HOME","3","7:12",0,3,24,58,55
"105825",105825,105825,"antetgi01","Giannis Antetokounmpo",2016,"57",475,111915,"MIL","CLE","AWAY","2","4:32",1,3,23,36,47
"105847",105847,105847,"antetgi01","Giannis Antetokounmpo",2016,"120",473,112315,"MIL","DET","HOME","3","3:43",1,3,24,77,60
"105853",105853,105853,"antetgi01","Giannis Antetokounmpo",2016,"45",468,112515,"MIL","SAC","HOME","1","9:39",1,3,22,7,10
"105857",105857,105857,"antetgi01","Giannis Antetokounmpo",2016,"45",470,112515,"MIL","SAC","HOME","3","9:05",0,3,23,76,77
"105893",105893,105893,"antetgi01","Giannis Antetokounmpo",2016,"258",365,120215,"MIL","SAS","AWAY","2","6:56",0,3,24,27,38
"105919",105919,105919,"antetgi01","Giannis Antetokounmpo",2016,"50",465,120515,"MIL","NYK","HOME","3","3:55",0,3,22,75,61
"105939",105939,105939,"antetgi01","Giannis Antetokounmpo",2016,"258",388,120915,"MIL","LAC","HOME","3","6:05",0,3,25,56,60
"105965",105965,105965,"antetgi01","Giannis Antetokounmpo",2016,"260",393,121215,"MIL","GSW","HOME","4","4:17",0,3,25,95,86
"105989",105989,105989,"antetgi01","Giannis Antetokounmpo",2016,"165",476,121615,"MIL","LAC","AWAY","4","1:23",1,3,26,88,100
"106023",106023,106023,"antetgi01","Giannis Antetokounmpo",2016,"243",396,122615,"MIL","TOR","HOME","3","9:39",0,3,24,55,60
"106083",106083,106083,"antetgi01","Giannis Antetokounmpo",2016,"34",478,10516,"MIL","CHI","AWAY","1","9:48",0,3,23,0,5
"106112",106112,106112,"antetgi01","Giannis Antetokounmpo",2016,"34",472,11016,"MIL","NYK","AWAY","2","0:03",0,3,23,41,51
"106165",106165,106165,"antetgi01","Giannis Antetokounmpo",2016,"274",347,11616,"MIL","CHO","AWAY","3","4:43",0,3,24,74,64
"106231",106231,106231,"antetgi01","Giannis Antetokounmpo",2016,"258",365,12916,"MIL","MIA","HOME","2","0:00",0,3,24,48,55
"106242",106242,106242,"antetgi01","Giannis Antetokounmpo",2016,"57",470,20116,"MIL","SAC","AWAY","1","5:48",0,3,23,11,13
"106270",106270,106270,"antetgi01","Giannis Antetokounmpo",2016,"52",473,20516,"MIL","UTA","AWAY","3","1:19",0,3,23,60,58
"106272",106272,106272,"antetgi01","Giannis Antetokounmpo",2016,"49",473,20516,"MIL","UTA","AWAY","4","6:00",1,3,23,69,70
"106289",106289,106289,"antetgi01","Giannis Antetokounmpo",2016,"44",467,21116,"MIL","WAS","HOME","1","8:44",1,3,22,6,7
"106296",106296,106296,"antetgi01","Giannis Antetokounmpo",2016,"45",468,21116,"MIL","WAS","HOME","3","5:20",0,3,22,59,60
"106317",106317,106317,"antetgi01","Giannis Antetokounmpo",2016,"240",424,21916,"MIL","CHO","HOME","3","0:01",0,3,26,78,70
"106335",106335,106335,"antetgi01","Giannis Antetokounmpo",2016,"83",470,22016,"MIL","ATL","AWAY","4","7:47",0,3,23,81,80
"106338",106338,106338,"antetgi01","Giannis Antetokounmpo",2016,"65",470,22216,"MIL","LAL","HOME","1","9:21",0,3,23,6,2
"106425",106425,106425,"antetgi01","Giannis Antetokounmpo",2016,"68",470,30616,"MIL","OKC","HOME","1","4:20",0,3,23,4,22
"106438",106438,106438,"antetgi01","Giannis Antetokounmpo",2016,"286",324,30616,"MIL","OKC","HOME","4","10:11",0,3,25,82,88
"106450",106450,106450,"antetgi01","Giannis Antetokounmpo",2016,"53",470,30716,"MIL","CHI","AWAY","2","1:59",0,3,23,36,42
"106539",106539,106539,"antetgi01","Giannis Antetokounmpo",2016,"165",468,32116,"MIL","DET","AWAY","3","9:15",1,3,25,59,51
"106540",106540,106540,"antetgi01","Giannis Antetokounmpo",2016,"273",378,32116,"MIL","DET","AWAY","3","8:44",0,3,26,59,52
"106565",106565,106565,"antetgi01","Giannis Antetokounmpo",2016,"248",385,32316,"MIL","CLE","AWAY","4","1:47",0,3,24,100,108
"106585",106585,106585,"antetgi01","Giannis Antetokounmpo",2016,"255",372,32616,"MIL","CHO","HOME","2","7:12",0,3,24,27,37
"106605",106605,106605,"antetgi01","Giannis Antetokounmpo",2016,"268",395,40116,"MIL","ORL","HOME","4","9:00",0,3,26,89,91
"106647",106647,106647,"antetgi01","Giannis Antetokounmpo",2016,"263",372,40516,"MIL","CLE","HOME","4","7:11",0,3,25,70,99
"106657",106657,106657,"antetgi01","Giannis Antetokounmpo",2016,"58",478,40816,"MIL","BOS","AWAY","3","8:14",1,3,23,67,79
"106659",106659,106659,"antetgi01","Giannis Antetokounmpo",2016,"302",322,40816,"MIL","BOS","AWAY","3","5:34",0,3,26,73,84
"106683",106683,106683,"antetgi01","Giannis Antetokounmpo",2016,"57",475,41316,"MIL","IND","HOME","1","10:48",0,3,23,3,6
"106690",106690,106690,"antetgi01","Giannis Antetokounmpo",2016,"228",417,41316,"MIL","IND","HOME","3","6:06",0,3,25,56,73
"106711",106711,106711,"antetgi01","Giannis Antetokounmpo",2017,"238",416,102616,"MIL","CHO","HOME","3","4:18",1,3,25,57,73
"106739",106739,106739,"antetgi01","Giannis Antetokounmpo",2017,"272",348,103016,"MIL","DET","AWAY","1","3:03",0,3,24,15,20
"106744",106744,106744,"antetgi01","Giannis Antetokounmpo",2017,"268",383,103016,"MIL","DET","AWAY","3","7:51",1,3,26,50,57
"106752",106752,106752,"antetgi01","Giannis Antetokounmpo",2017,"248",401,110116,"MIL","NOP","AWAY","1","7:53",0,3,25,7,10
"106799",106799,106799,"antetgi01","Giannis Antetokounmpo",2017,"214",414,110616,"MIL","DAL","AWAY","3","7:39",0,3,24,45,51
"106801",106801,106801,"antetgi01","Giannis Antetokounmpo",2017,"71",475,110616,"MIL","DAL","AWAY","4","2:58",0,3,24,68,65
"106807",106807,106807,"antetgi01","Giannis Antetokounmpo",2017,"224",409,110616,"MIL","DAL","AWAY","1OT","0:27",0,3,24,75,86
"106902",106902,106902,"antetgi01","Giannis Antetokounmpo",2017,"57",481,112116,"MIL","ORL","HOME","3","11:26",0,3,24,49,44
"106957",106957,106957,"antetgi01","Giannis Antetokounmpo",2017,"35",488,120116,"MIL","BRK","AWAY","1","9:15",1,3,25,8,4
"106960",106960,106960,"antetgi01","Giannis Antetokounmpo",2017,"292",327,120116,"MIL","BRK","AWAY","2","11:18",1,3,26,30,26
"106963",106963,106963,"antetgi01","Giannis Antetokounmpo",2017,"68",483,120116,"MIL","BRK","AWAY","2","0:27",0,3,24,52,51
"106970",106970,106970,"antetgi01","Giannis Antetokounmpo",2017,"273",367,120316,"MIL","BRK","HOME","1","8:59",0,3,26,7,7
"106973",106973,106973,"antetgi01","Giannis Antetokounmpo",2017,"292",321,120316,"MIL","BRK","HOME","3","11:41",1,3,26,53,40
"106994",106994,106994,"antetgi01","Giannis Antetokounmpo",2017,"278",354,120716,"MIL","POR","HOME","1","7:11",0,3,25,8,17
"107004",107004,107004,"antetgi01","Giannis Antetokounmpo",2017,"317",321,120916,"MIL","ATL","HOME","2","10:59",1,3,28,33,25
"107085",107085,107085,"antetgi01","Giannis Antetokounmpo",2017,"49",472,121616,"MIL","CHI","AWAY","2","10:04",1,3,23,40,17
"107103",107103,107103,"antetgi01","Giannis Antetokounmpo",2017,"189",460,122016,"MIL","CLE","HOME","4","7:37",1,3,26,86,89
"107104",107104,107104,"antetgi01","Giannis Antetokounmpo",2017,"258",393,122016,"MIL","CLE","HOME","4","6:47",1,3,26,89,91
"107117",107117,107117,"antetgi01","Giannis Antetokounmpo",2017,"115",467,122116,"MIL","CLE","AWAY","3","2:22",1,3,24,74,82
"107137",107137,107137,"antetgi01","Giannis Antetokounmpo",2017,"57",478,122316,"MIL","WAS","HOME","4","8:32",0,3,23,104,80
"107234",107234,107234,"antetgi01","Giannis Antetokounmpo",2017,"101",476,10417,"MIL","NYK","AWAY","4","5:14",0,3,24,93,98
"107245",107245,107245,"antetgi01","Giannis Antetokounmpo",2017,"29",483,10617,"MIL","NYK","HOME","2","10:06",1,3,24,41,36
"107246",107246,107246,"antetgi01","Giannis Antetokounmpo",2017,"297",339,10617,"MIL","NYK","HOME","2","4:28",0,3,27,57,42
"107337",107337,107337,"antetgi01","Giannis Antetokounmpo",2017,"274",357,12017,"MIL","ORL","AWAY","1","7:28",1,3,25,15,7
"107338",107338,107338,"antetgi01","Giannis Antetokounmpo",2017,"93",483,12017,"MIL","ORL","AWAY","1","1:17",0,3,25,23,23
"107364",107364,107364,"antetgi01","Giannis Antetokounmpo",2017,"189",457,12117,"MIL","MIA","AWAY","3","3:49",1,3,25,66,74
"107368",107368,107368,"antetgi01","Giannis Antetokounmpo",2017,"189",455,12117,"MIL","MIA","AWAY","4","4:46",0,3,25,86,98
"107380",107380,107380,"antetgi01","Giannis Antetokounmpo",2017,"371",408,12317,"MIL","HOU","HOME","2","0:00",0,3,36,68,64
"107388",107388,107388,"antetgi01","Giannis Antetokounmpo",2017,"282",360,12317,"MIL","HOU","HOME","4","0:23",1,3,26,127,114
"107396",107396,107396,"antetgi01","Giannis Antetokounmpo",2017,"49",472,12517,"MIL","PHI","HOME","2","4:04",0,3,23,53,59
"107402",107402,107402,"antetgi01","Giannis Antetokounmpo",2017,"278",373,12517,"MIL","PHI","HOME","3","7:10",0,3,26,62,77
"107407",107407,107407,"antetgi01","Giannis Antetokounmpo",2017,"176",445,12517,"MIL","PHI","HOME","4","0:09",0,3,24,109,112
"107427",107427,107427,"antetgi01","Giannis Antetokounmpo",2017,"238",414,12817,"MIL","BOS","HOME","1","3:40",0,3,26,21,29
"107475",107475,107475,"antetgi01","Giannis Antetokounmpo",2017,"297",329,20417,"MIL","PHO","AWAY","3","7:27",0,3,26,83,72
"107507",107507,107507,"antetgi01","Giannis Antetokounmpo",2017,"210",452,21017,"MIL","LAL","HOME","3","10:25",0,3,27,57,81
"107572",107572,107572,"antetgi01","Giannis Antetokounmpo",2017,"274",372,22417,"MIL","UTA","HOME","3","2:24",1,3,26,69,81
"107610",107610,107610,"antetgi01","Giannis Antetokounmpo",2017,"233",421,30117,"MIL","DEN","HOME","3","8:06",0,3,26,46,70
"107676",107676,107676,"antetgi01","Giannis Antetokounmpo",2017,"278",360,31017,"MIL","IND","HOME","1","4:48",1,3,25,15,20
"107703",107703,107703,"antetgi01","Giannis Antetokounmpo",2017,"279",341,31317,"MIL","MEM","AWAY","1","8:54",1,3,25,4,8
"107708",107708,107708,"antetgi01","Giannis Antetokounmpo",2017,"29",475,31317,"MIL","MEM","AWAY","2","1:05",0,3,23,45,56
"107736",107736,107736,"antetgi01","Giannis Antetokounmpo",2017,"286",339,31717,"MIL","LAL","AWAY","3","8:10",1,3,25,69,51
"107777",107777,107777,"antetgi01","Giannis Antetokounmpo",2017,"292",324,32217,"MIL","SAC","AWAY","1","7:08",0,3,25,8,12
"107790",107790,107790,"antetgi01","Giannis Antetokounmpo",2017,"78",476,32217,"MIL","SAC","AWAY","3","9:24",1,3,23,72,54
"107828",107828,107828,"antetgi01","Giannis Antetokounmpo",2017,"287",342,32617,"MIL","CHI","HOME","3","4:49",0,3,25,69,78
"107847",107847,107847,"antetgi01","Giannis Antetokounmpo",2017,"297",345,32917,"MIL","BOS","AWAY","1","10:11",1,3,26,5,2
"107852",107852,107852,"antetgi01","Giannis Antetokounmpo",2017,"71",473,32917,"MIL","BOS","AWAY","1","0:07",0,3,23,24,24
"107993",107993,107993,"antetgi01","Giannis Antetokounmpo",2017,"274",367,42017,"MIL","TOR","HOME","1","1:39",1,3,26,29,12
"108053",108053,108053,"antetgi01","Giannis Antetokounmpo",2017,"39",463,42717,"MIL","TOR","HOME","3","3:15",1,3,22,53,72
"108057",108057,108057,"antetgi01","Giannis Antetokounmpo",2017,"287",349,42717,"MIL","TOR","HOME","4","4:11",0,3,26,74,78
"108089",108089,108089,"antetgi01","Giannis Antetokounmpo",2018,"275",370,102017,"MIL","CLE","HOME","2","3:36",0,3,25,41,42
"108170",108170,108170,"antetgi01","Giannis Antetokounmpo",2018,"267",373,102917,"MIL","ATL","AWAY","1","10:53",1,3,25,5,0
"108245",108245,108245,"antetgi01","Giannis Antetokounmpo",2018,"294",333,110317,"MIL","DET","AWAY","4","2:45",1,3,26,92,101
"108246",108246,108246,"antetgi01","Giannis Antetokounmpo",2018,"294",327,110317,"MIL","DET","AWAY","4","0:18",0,3,25,96,105
"108362",108362,108362,"antetgi01","Giannis Antetokounmpo",2018,"168",450,111817,"MIL","DAL","AWAY","3","6:05",1,3,24,57,72
"108371",108371,108371,"antetgi01","Giannis Antetokounmpo",2018,"283",333,112017,"MIL","WAS","HOME","1","8:26",0,3,25,7,5
"108376",108376,108376,"antetgi01","Giannis Antetokounmpo",2018,"217",450,112017,"MIL","WAS","HOME","2","3:44",0,3,26,37,39
"108418",108418,108418,"antetgi01","Giannis Antetokounmpo",2018,"180",464,112817,"MIL","SAC","AWAY","3","7:02",1,3,25,74,46
"108424",108424,108424,"antetgi01","Giannis Antetokounmpo",2018,"193",433,113017,"MIL","POR","AWAY","1","11:12",0,3,24,0,2
"108446",108446,108446,"antetgi01","Giannis Antetokounmpo",2018,"286",369,120217,"MIL","SAC","HOME","1","3:40",0,3,26,24,12
"108482",108482,108482,"antetgi01","Giannis Antetokounmpo",2018,"276",353,120417,"MIL","BOS","AWAY","4","1:03",0,3,25,97,106
"108563",108563,108563,"antetgi01","Giannis Antetokounmpo",2018,"89",466,121317,"MIL","NOP","AWAY","4","0:02",0,3,22,108,115
"108602",108602,108602,"antetgi01","Giannis Antetokounmpo",2018,"270",375,121617,"MIL","HOU","AWAY","4","0:23",0,3,25,106,111
"108618",108618,108618,"antetgi01","Giannis Antetokounmpo",2018,"288",345,122217,"MIL","CHO","HOME","1","11:41",0,3,26,0,0
"108630",108630,108630,"antetgi01","Giannis Antetokounmpo",2018,"106",466,122217,"MIL","CHO","HOME","3","11:16",0,3,23,52,59
"108654",108654,108654,"antetgi01","Giannis Antetokounmpo",2018,"301",351,122617,"MIL","CHI","HOME","4","1:45",1,3,27,101,109
"108659",108659,108659,"antetgi01","Giannis Antetokounmpo",2018,"65",467,122817,"MIL","MIN","HOME","1","4:11",0,3,22,7,19
"108759",108759,108759,"antetgi01","Giannis Antetokounmpo",2018,"292",381,10818,"MIL","IND","AWAY","2","9:15",0,3,28,20,45
"108790",108790,108790,"antetgi01","Giannis Antetokounmpo",2018,"277",401,11218,"MIL","GSW","HOME","2","0:55",0,3,27,47,59
"108859",108859,108859,"antetgi01","Giannis Antetokounmpo",2018,"269",409,12618,"MIL","BRK","HOME","2","6:14",1,3,27,46,25
"108901",108901,108901,"antetgi01","Giannis Antetokounmpo",2018,"72",472,12918,"MIL","PHI","HOME","3","0:00",0,3,23,83,75
"109028",109028,109028,"antetgi01","Giannis Antetokounmpo",2018,"300",324,21318,"MIL","ATL","HOME","1","0:52",0,3,26,18,22
"109034",109034,109034,"antetgi01","Giannis Antetokounmpo",2018,"163",470,21318,"MIL","ATL","HOME","3","8:47",0,3,25,49,47
"109082",109082,109082,"antetgi01","Giannis Antetokounmpo",2018,"187",445,22318,"MIL","TOR","AWAY","1OT","1:24",0,3,24,118,115
"109105",109105,109105,"antetgi01","Giannis Antetokounmpo",2018,"243",406,22718,"MIL","WAS","HOME","1","4:29",1,3,25,10,26
"109187",109187,109187,"antetgi01","Giannis Antetokounmpo",2018,"184",470,30518,"MIL","IND","AWAY","4","0:00",0,3,26,89,92
"109223",109223,109223,"antetgi01","Giannis Antetokounmpo",2018,"251",394,31218,"MIL","MEM","AWAY","1","10:51",0,3,25,3,4
"109264",109264,109264,"antetgi01","Giannis Antetokounmpo",2018,"311",333,31418,"MIL","ORL","AWAY","4","0:26",1,3,27,115,122
"109302",109302,109302,"antetgi01","Giannis Antetokounmpo",2018,"298",342,31918,"MIL","CLE","AWAY","3","7:53",0,3,26,66,69
"109312",109312,109312,"antetgi01","Giannis Antetokounmpo",2018,"65",473,32118,"MIL","LAC","HOME","1","8:28",0,3,23,7,7
"109331",109331,109331,"antetgi01","Giannis Antetokounmpo",2018,"114",481,32518,"MIL","SAS","HOME","4","10:11",1,3,24,91,77
"109336",109336,109336,"antetgi01","Giannis Antetokounmpo",2018,"246",392,32718,"MIL","LAC","AWAY","1","10:02",1,3,24,5,8
"109423",109423,109423,"antetgi01","Giannis Antetokounmpo",2018,"302",347,40318,"MIL","BOS","HOME","4","3:41",0,3,27,96,90
"109469",109469,109469,"antetgi01","Giannis Antetokounmpo",2018,"285",388,41518,"MIL","BOS","AWAY","2","0:01",0,3,27,47,44
"109506",109506,109506,"antetgi01","Giannis Antetokounmpo",2018,"271",366,42018,"MIL","BOS","HOME","2","6:44",1,3,25,43,19
"109524",109524,109524,"antetgi01","Giannis Antetokounmpo",2018,"287",360,42218,"MIL","BOS","HOME","3","3:48",0,3,26,69,57
"109543",109543,109543,"antetgi01","Giannis Antetokounmpo",2018,"279",351,42618,"MIL","BOS","HOME","1","5:45",0,3,25,6,10
"558836",558836,558836,"bynuman01","Andrew Bynum",2007,"93",475,20507,"LAL","ATL","AWAY","4","00:28.8",0,3,24,86,78
"560145",560145,560145,"bynuman01","Andrew Bynum",2010,"67",476,120609,"LAL","PHO","HOME","3","10:35",0,3,24,57,46
"561913",561913,561913,"bynuman01","Andrew Bynum",2012,"36",473,40412,"LAL","LAC","AWAY","3","00:00.3",0,3,23,92,81
"625070",625070,625070,"cassesa01","Sam Cassell",2001,"217",422,110800,"MIL","IND","AWAY","2","00:51.9",0,3,25,44,50
"625179",625179,625179,"cassesa01","Sam Cassell",2001,"272",384,112700,"MIL","ORL","AWAY","4","5:41",0,3,26,89,74
"625207",625207,625207,"cassesa01","Sam Cassell",2001,"156",466,113000,"MIL","BOS","HOME","3","8:34",0,3,25,64,49
"625227",625227,625227,"cassesa01","Sam Cassell",2001,"131",474,120300,"MIL","IND","HOME","4","2:23",0,3,25,88,77
"625239",625239,625239,"cassesa01","Sam Cassell",2001,"44",462,120600,"MIL","NJN","AWAY","4","5:31",0,3,22,95,80
"625256",625256,625256,"cassesa01","Sam Cassell",2001,"278",386,120900,"MIL","WAS","HOME","3","2:30",0,3,27,78,60
"625285",625285,625285,"cassesa01","Sam Cassell",2001,"305",374,121500,"MIL","TOR","HOME","1","3:38",0,3,29,18,21
"625293",625293,625293,"cassesa01","Sam Cassell",2001,"265",397,121500,"MIL","TOR","HOME","4","2:40",0,3,27,96,88
"625307",625307,625307,"cassesa01","Sam Cassell",2001,"307",350,122100,"MIL","NJN","HOME","1","11:01",1,3,28,5,2
"625318",625318,625318,"cassesa01","Sam Cassell",2001,"301",338,122100,"MIL","NJN","HOME","4","2:33",0,3,27,74,72
"625364",625364,625364,"cassesa01","Sam Cassell",2001,"71",481,10201,"MIL","CHI","AWAY","3","1:52",0,3,24,82,46
"625377",625377,625377,"cassesa01","Sam Cassell",2001,"278",393,10301,"MIL","CLE","HOME","4","2:25",0,3,27,83,81
"625411",625411,625411,"cassesa01","Sam Cassell",2001,"67",471,10701,"MIL","VAN","AWAY","4","2:59",0,3,23,115,114
"625435",625435,625435,"cassesa01","Sam Cassell",2001,"69",487,11101,"MIL","DAL","HOME","2","2:00",0,3,25,53,43
"625468",625468,625468,"cassesa01","Sam Cassell",2001,"274",386,11501,"MIL","WAS","AWAY","3","9:20",0,3,27,58,43
"625542",625542,625542,"cassesa01","Sam Cassell",2001,"37",473,12701,"MIL","DET","HOME","4","00:25.4",1,3,23,98,103
"625584",625584,625584,"cassesa01","Sam Cassell",2001,"278",359,20601,"MIL","SAC","HOME","2","7:09",1,3,26,38,36
"625600",625600,625600,"cassesa01","Sam Cassell",2001,"78",466,20701,"MIL","BOS","AWAY","3","7:50",1,3,23,56,48
"625724",625724,625724,"cassesa01","Sam Cassell",2001,"291",329,22601,"MIL","PHI","AWAY","3","6:47",0,3,26,54,45
"625771",625771,625771,"cassesa01","Sam Cassell",2001,"278",372,30301,"MIL","CHI","HOME","3","9:49",1,3,26,58,57
"625805",625805,625805,"cassesa01","Sam Cassell",2001,"54",468,30701,"MIL","BOS","AWAY","3","11:15",1,3,23,48,44
"625815",625815,625815,"cassesa01","Sam Cassell",2001,"107",471,31001,"MIL","CHH","AWAY","1","10:36",0,3,24,2,0
"625966",625966,625966,"cassesa01","Sam Cassell",2001,"307",386,32601,"MIL","PHI","AWAY","3","3:48",0,3,30,56,64
"625997",625997,625997,"cassesa01","Sam Cassell",2001,"261",359,33101,"MIL","SAS","AWAY","3","7:51",0,3,24,56,54
"626079",626079,626079,"cassesa01","Sam Cassell",2001,"208",431,40801,"MIL","SEA","AWAY","4","7:48",0,3,25,73,85
"626095",626095,626095,"cassesa01","Sam Cassell",2001,"227",416,41001,"MIL","CHI","HOME","4","11:34",0,3,25,86,64
"626210",626210,626210,"cassesa01","Sam Cassell",2001,"204",437,50101,"MIL","ORL","AWAY","3","10:28",1,3,25,67,63
"626224",626224,626224,"cassesa01","Sam Cassell",2001,"210",452,50601,"MIL","CHH","HOME","1","6:15",1,3,27,14,12
"626271",626271,626271,"cassesa01","Sam Cassell",2001,"269",378,51301,"MIL","CHH","AWAY","3","11:37",0,3,26,45,50
"626306",626306,626306,"cassesa01","Sam Cassell",2001,"257",407,52001,"MIL","CHH","HOME","2","8:18",0,3,27,30,28
"626371",626371,626371,"cassesa01","Sam Cassell",2001,"217",437,53001,"MIL","PHI","AWAY","1","8:48",0,3,26,9,3
"626419",626419,626419,"cassesa01","Sam Cassell",2002,"227",399,103001,"MIL","UTA","AWAY","1","9:19",1,3,24,10,4
"626421",626421,626421,"cassesa01","Sam Cassell",2002,"227",407,103001,"MIL","UTA","AWAY","1","7:52",0,3,24,12,8
"626423",626423,626423,"cassesa01","Sam Cassell",2002,"255",369,103001,"MIL","UTA","AWAY","1","3:48",0,3,24,19,14
"626447",626447,626447,"cassesa01","Sam Cassell",2002,"229",420,110101,"MIL","DEN","AWAY","4","1:39",0,3,25,99,98
"626464",626464,626464,"cassesa01","Sam Cassell",2002,"253",414,110801,"MIL","MIA","HOME","1","4:47",0,3,27,15,12
"626472",626472,626472,"cassesa01","Sam Cassell",2002,"253",399,110801,"MIL","MIA","HOME","3","2:22",0,3,26,66,55
"626475",626475,626475,"cassesa01","Sam Cassell",2002,"280",355,110801,"MIL","MIA","HOME","4","00:59.5",0,3,26,83,80
"626522",626522,626522,"cassesa01","Sam Cassell",2002,"42",471,112201,"MIL","TOR","AWAY","1","1:30",0,3,23,18,17
"626615",626615,626615,"cassesa01","Sam Cassell",2002,"280",393,120401,"MIL","NYK","HOME","4","10:46",0,3,28,62,69
"626652",626652,626652,"cassesa01","Sam Cassell",2002,"303",340,120801,"MIL","NJN","HOME","3","00:02.9",1,3,27,80,61
"626662",626662,626662,"cassesa01","Sam Cassell",2002,"231",418,121101,"MIL","MIA","AWAY","2","0:25",0,3,25,47,52
"626663",626663,626663,"cassesa01","Sam Cassell",2002,"198",439,121101,"MIL","MIA","AWAY","3","10:00",0,3,25,52,56
"626667",626667,626667,"cassesa01","Sam Cassell",2002,"238",409,121101,"MIL","MIA","AWAY","4","9:10",0,3,25,78,83
"626668",626668,626668,"cassesa01","Sam Cassell",2002,"215",424,121101,"MIL","MIA","AWAY","4","7:57",0,3,25,81,87
"626762",626762,626762,"cassesa01","Sam Cassell",2002,"191",462,122201,"MIL","HOU","AWAY","4","00:21.6",0,3,26,105,109
"626841",626841,626841,"cassesa01","Sam Cassell",2002,"278",327,123101,"MIL","CHI","AWAY","2","5:50",1,3,24,29,28
"626882",626882,626882,"cassesa01","Sam Cassell",2002,"276",340,10802,"MIL","GSW","AWAY","2","9:00",1,3,25,40,24
"626917",626917,626917,"cassesa01","Sam Cassell",2002,"31",475,11202,"MIL","NYK","AWAY","1","00:08.7",0,3,24,26,12
"626919",626919,626919,"cassesa01","Sam Cassell",2002,"200",441,11202,"MIL","NYK","AWAY","2","4:58",0,3,25,38,24
"626923",626923,626923,"cassesa01","Sam Cassell",2002,"242",399,11202,"MIL","NYK","AWAY","3","11:40",0,3,25,49,34
"627035",627035,627035,"cassesa01","Sam Cassell",2002,"248",420,12402,"MIL","SEA","HOME","1","5:24",0,3,27,16,10
"627044",627044,627044,"cassesa01","Sam Cassell",2002,"80",477,12402,"MIL","SEA","HOME","3","11:36",0,3,24,54,52
"627105",627105,627105,"cassesa01","Sam Cassell",2002,"179",462,20202,"MIL","PHI","HOME","4","5:46",0,3,26,74,71
"627114",627114,627114,"cassesa01","Sam Cassell",2002,"320",420,20702,"MIL","MEM","HOME","1","00:00.3",0,3,32,19,29
"627127",627127,627127,"cassesa01","Sam Cassell",2002,"286",384,20702,"MIL","MEM","HOME","4","00:48.3",0,3,28,100,97
"627133",627133,627133,"cassesa01","Sam Cassell",2002,"257",405,21202,"MIL","CHI","AWAY","1","1:32",1,3,26,21,18
"627158",627158,627158,"cassesa01","Sam Cassell",2002,"272",382,21702,"MIL","TOR","AWAY","4","00:00.1",0,3,26,91,86
"627161",627161,627161,"cassesa01","Sam Cassell",2002,"303",340,22002,"MIL","HOU","HOME","1","8:18",1,3,27,13,8
"627163",627163,627163,"cassesa01","Sam Cassell",2002,"280",378,22002,"MIL","HOU","HOME","1","3:51",1,3,27,26,15
"627175",627175,627175,"cassesa01","Sam Cassell",2002,"202",456,22202,"MIL","GSW","HOME","1","9:59",1,3,26,8,7
"627238",627238,627238,"cassesa01","Sam Cassell",2002,"267",355,22702,"MIL","BOS","AWAY","3","4:27",0,3,25,65,60
"627284",627284,627284,"cassesa01","Sam Cassell",2002,"307",340,30602,"MIL","LAC","HOME","4","7:02",1,3,28,76,72
"627328",627328,627328,"cassesa01","Sam Cassell",2002,"48",471,31202,"MIL","CHI","HOME","3","00:44.2",0,3,23,83,59
"627355",627355,627355,"cassesa01","Sam Cassell",2002,"257",386,31802,"MIL","CHH","AWAY","2","11:15",0,3,25,33,27
"627364",627364,627364,"cassesa01","Sam Cassell",2002,"295",344,31802,"MIL","CHH","AWAY","4","3:04",1,3,27,107,102
"627366",627366,627366,"cassesa01","Sam Cassell",2002,"246",416,31802,"MIL","CHH","AWAY","4","00:08.5",0,3,26,107,109
"627387",627387,627387,"cassesa01","Sam Cassell",2002,"208",422,32202,"MIL","NJN","AWAY","1","3:39",0,3,24,12,12
"627438",627438,627438,"cassesa01","Sam Cassell",2002,"280",384,32802,"MIL","DEN","HOME","4","1:09",1,3,27,89,83
"627482",627482,627482,"cassesa01","Sam Cassell",2002,"65",468,40202,"MIL","ATL","AWAY","4","10:00",0,3,23,70,77
"627488",627488,627488,"cassesa01","Sam Cassell",2002,"65",475,40202,"MIL","ATL","AWAY","4","2:42",0,3,24,88,97
"627621",627621,627621,"cassesa01","Sam Cassell",2003,"287",370,103002,"MIL","PHI","AWAY","3","7:33",0,3,27,60,59
"627751",627751,627751,"cassesa01","Sam Cassell",2003,"275",373,111902,"MIL","MIA","HOME","3","6:56",0,3,26,62,66
"627819",627819,627819,"cassesa01","Sam Cassell",2003,"78",472,112702,"MIL","CLE","HOME","4","11:39",0,3,23,83,63
"627853",627853,627853,"cassesa01","Sam Cassell",2003,"298",327,113002,"MIL","DET","HOME","3","2:11",1,3,26,84,64
"627875",627875,627875,"cassesa01","Sam Cassell",2003,"236",407,120502,"MIL","ATL","AWAY","3","6:19",0,3,25,63,63
"627978",627978,627978,"cassesa01","Sam Cassell",2003,"44",472,122002,"MIL","MEM","AWAY","3","5:19",0,3,23,61,55
"628024",628024,628024,"cassesa01","Sam Cassell",2003,"311",416,122702,"MIL","NJN","AWAY","1","00:00.6",1,3,31,26,26
"628059",628059,628059,"cassesa01","Sam Cassell",2003,"264",355,123002,"MIL","DAL","AWAY","4","5:10",1,3,24,94,93
"628061",628061,628061,"cassesa01","Sam Cassell",2003,"50",470,123002,"MIL","DAL","AWAY","4","3:05",0,3,23,96,99
"628101",628101,628101,"cassesa01","Sam Cassell",2003,"260",381,10603,"MIL","CLE","AWAY","3","7:24",0,3,25,61,55
"628194",628194,628194,"cassesa01","Sam Cassell",2003,"280",388,12503,"MIL","DEN","HOME","3","3:46",0,3,27,51,51
"628214",628214,628214,"cassesa01","Sam Cassell",2003,"37",465,12703,"MIL","NOH","AWAY","3","1:21",0,3,23,83,61
"628231",628231,628231,"cassesa01","Sam Cassell",2003,"287",376,13003,"MIL","WAS","HOME","1","00:03.9",0,3,27,32,24
"628274",628274,628274,"cassesa01","Sam Cassell",2003,"241",406,20603,"MIL","SEA","HOME","1","7:39",0,3,25,8,11
"628459",628459,628459,"cassesa01","Sam Cassell",2003,"180",445,30503,"MIL","ORL","AWAY","2","2:41",1,3,24,44,48
"628508",628508,628508,"cassesa01","Sam Cassell",2003,"45",472,31103,"MIL","SAS","HOME","3","6:27",1,3,23,64,64
"628572",628572,628572,"cassesa01","Sam Cassell",2003,"274",338,31903,"MIL","NJN","AWAY","4","7:48",1,3,24,86,75
"628666",628666,628666,"cassesa01","Sam Cassell",2003,"205",422,33103,"MIL","MIA","AWAY","3","4:30",0,3,24,52,47
"628689",628689,628689,"cassesa01","Sam Cassell",2003,"272",353,40403,"MIL","CLE","HOME","3","8:43",0,3,25,49,47
"628778",628778,628778,"cassesa01","Sam Cassell",2003,"101",470,41903,"MIL","NJN","AWAY","3","4:16",1,3,24,51,72
"628785",628785,628785,"cassesa01","Sam Cassell",2003,"279",338,42203,"MIL","NJN","AWAY","2","7:06",0,3,25,37,36
"628788",628788,628788,"cassesa01","Sam Cassell",2003,"244",393,42203,"MIL","NJN","AWAY","3","6:55",1,3,25,60,59
"628795",628795,628795,"cassesa01","Sam Cassell",2003,"265",394,42403,"MIL","NJN","HOME","1","6:14",1,3,26,11,13
"628809",628809,628809,"cassesa01","Sam Cassell",2003,"318",330,42403,"MIL","NJN","HOME","3","00:42.7",0,3,28,69,75
"628823",628823,628823,"cassesa01","Sam Cassell",2003,"272",380,42603,"MIL","NJN","HOME","3","3:30",0,3,26,77,65
"628843",628843,628843,"cassesa01","Sam Cassell",2003,"264",361,42903,"MIL","NJN","AWAY","4","11:27",0,3,25,61,63
"628878",628878,628878,"cassesa01","Sam Cassell",2004,"144",470,103103,"MIN","NJN","AWAY","4","5:29",0,3,25,58,72
"628884",628884,628884,"cassesa01","Sam Cassell",2004,"119",470,110103,"MIN","TOR","HOME","2","3:29",1,3,24,35,23
"628912",628912,628912,"cassesa01","Sam Cassell",2004,"275",327,110303,"MIN","UTA","AWAY","4","1:19",1,3,24,85,87
"628915",628915,628915,"cassesa01","Sam Cassell",2004,"173",453,110503,"MIN","SAC","HOME","1","6:38",1,3,25,17,8
"628947",628947,628947,"cassesa01","Sam Cassell",2004,"260",375,110803,"MIN","MIA","AWAY","1","7:08",0,3,25,4,12
"628970",628970,628970,"cassesa01","Sam Cassell",2004,"260",361,111103,"MIN","SEA","HOME","1","5:22",0,3,24,16,17
"628989",628989,628989,"cassesa01","Sam Cassell",2004,"241",409,111303,"MIN","CHI","AWAY","3","4:02",0,3,26,59,59
"628993",628993,628993,"cassesa01","Sam Cassell",2004,"283",342,111303,"MIN","CHI","AWAY","1OT","2:28",0,3,25,84,82
"629041",629041,629041,"cassesa01","Sam Cassell",2004,"90",467,112203,"MIN","LAC","HOME","3","5:51",1,3,23,69,56
"629131",629131,629131,"cassesa01","Sam Cassell",2004,"242",404,120303,"MIN","PHO","AWAY","4","1:18",1,3,25,91,72
"629147",629147,629147,"cassesa01","Sam Cassell",2004,"213",434,120503,"MIN","SAC","AWAY","4","00:49.9",0,3,25,96,100
"629198",629198,629198,"cassesa01","Sam Cassell",2004,"187",458,121203,"MIN","WAS","AWAY","3","9:38",0,3,26,63,59
"629233",629233,629233,"cassesa01","Sam Cassell",2004,"236",389,121603,"MIN","HOU","HOME","2","4:16",1,3,24,40,28
"629247",629247,629247,"cassesa01","Sam Cassell",2004,"96",467,121803,"MIN","DAL","HOME","1","00:21.9",0,3,23,26,24
"629248",629248,629248,"cassesa01","Sam Cassell",2004,"142",475,121803,"MIN","DAL","HOME","2","6:23",0,3,25,39,34
"629250",629250,629250,"cassesa01","Sam Cassell",2004,"229",409,121803,"MIN","DAL","HOME","3","9:52",1,3,25,65,55
"629269",629269,629269,"cassesa01","Sam Cassell",2004,"237",389,122003,"MIN","IND","HOME","4","6:03",0,3,24,89,69
"629334",629334,629334,"cassesa01","Sam Cassell",2004,"246",398,123003,"MIN","CHI","HOME","3","9:53",0,3,25,55,53
"629368",629368,629368,"cassesa01","Sam Cassell",2004,"251",376,10304,"MIN","DAL","AWAY","2","00:00.9",0,3,24,54,56
"629373",629373,629373,"cassesa01","Sam Cassell",2004,"241",394,10304,"MIN","DAL","AWAY","3","7:18",1,3,25,71,65
"629390",629390,629390,"cassesa01","Sam Cassell",2004,"208",445,10604,"MIN","LAL","HOME","2","7:33",0,3,26,42,32
"629477",629477,629477,"cassesa01","Sam Cassell",2004,"270",361,11704,"MIN","HOU","AWAY","3","5:27",1,3,25,36,59
"629525",629525,629525,"cassesa01","Sam Cassell",2004,"239",401,12304,"MIN","DET","HOME","3","9:20",0,3,25,47,42
"629544",629544,629544,"cassesa01","Sam Cassell",2004,"264",368,12504,"MIN","PHO","HOME","2","00:06.2",1,3,25,51,45
"629569",629569,629569,"cassesa01","Sam Cassell",2004,"193",430,12604,"MIN","DEN","AWAY","3","00:04.1",0,3,24,70,73
"629590",629590,629590,"cassesa01","Sam Cassell",2004,"247",389,13004,"MIN","LAL","AWAY","1","7:45",0,3,25,6,9
"629598",629598,629598,"cassesa01","Sam Cassell",2004,"262",403,13004,"MIN","LAL","AWAY","3","11:01",1,3,27,38,44
"629599",629599,629599,"cassesa01","Sam Cassell",2004,"223",417,13004,"MIN","LAL","AWAY","3","6:52",0,3,25,44,56
"629600",629600,629600,"cassesa01","Sam Cassell",2004,"259",368,13004,"MIN","LAL","AWAY","3","4:47",1,3,25,51,56
"629736",629736,629736,"cassesa01","Sam Cassell",2004,"259",376,21904,"MIN","SAC","HOME","4","3:23",0,3,25,83,73
"629759",629759,629759,"cassesa01","Sam Cassell",2004,"272",375,22204,"MIN","SAS","HOME","4","5:31",1,3,26,79,82
"629827",629827,629827,"cassesa01","Sam Cassell",2004,"236",394,30504,"MIN","HOU","HOME","4","6:35",0,3,24,96,98
"629851",629851,629851,"cassesa01","Sam Cassell",2004,"195",445,30904,"MIN","SEA","AWAY","2","00:26.9",0,3,25,46,52
"629896",629896,629896,"cassesa01","Sam Cassell",2004,"67",468,31404,"MIN","POR","HOME","3","4:35",0,3,23,58,68
"629913",629913,629913,"cassesa01","Sam Cassell",2004,"223",430,31804,"MIN","SAS","AWAY","3","7:03",0,3,26,43,52
"629965",629965,629965,"cassesa01","Sam Cassell",2004,"214",419,32404,"MIN","DEN","AWAY","4","7:07",0,3,24,81,83
"630039",630039,630039,"cassesa01","Sam Cassell",2004,"292",340,40404,"MIN","MEM","HOME","3","10:33",0,3,26,48,50
"630066",630066,630066,"cassesa01","Sam Cassell",2004,"75",467,40804,"MIN","SAC","AWAY","2","4:49",0,3,23,31,35
"630125",630125,630125,"cassesa01","Sam Cassell",2004,"256",391,41804,"MIN","DEN","HOME","2","5:57",1,3,26,42,34
"630143",630143,630143,"cassesa01","Sam Cassell",2004,"260",357,42104,"MIN","DEN","HOME","1","9:42",0,3,24,4,2
"630210",630210,630210,"cassesa01","Sam Cassell",2004,"274",375,50404,"MIN","SAC","HOME","3","00:04.9",1,3,26,73,73
"630211",630211,630211,"cassesa01","Sam Cassell",2004,"279",353,50404,"MIN","SAC","HOME","4","9:38",0,3,26,79,77
"630213",630213,630213,"cassesa01","Sam Cassell",2004,"270",342,50404,"MIN","SAC","HOME","4","1:49",1,3,24,89,93
"630215",630215,630215,"cassesa01","Sam Cassell",2004,"172",455,50404,"MIN","SAC","HOME","4","00:24.5",1,3,25,95,100
"630217",630217,630217,"cassesa01","Sam Cassell",2004,"241",435,50404,"MIN","SAC","HOME","4","00:12.9",0,3,27,98,104
"630230",630230,630230,"cassesa01","Sam Cassell",2004,"60",467,50804,"MIN","SAC","HOME","4","2:36",1,3,23,85,88
"630234",630234,630234,"cassesa01","Sam Cassell",2004,"183",442,51004,"MIN","SAC","AWAY","1","3:51",1,3,24,13,10
"630247",630247,630247,"cassesa01","Sam Cassell",2004,"88",467,51204,"MIN","SAC","AWAY","1","10:41",0,3,23,4,0
"630259",630259,630259,"cassesa01","Sam Cassell",2004,"198",430,51204,"MIN","SAC","AWAY","3","2:33",1,3,24,53,53
"630263",630263,630263,"cassesa01","Sam Cassell",2004,"251",398,51404,"MIN","SAC","HOME","3","5:30",0,3,26,53,46
"630264",630264,630264,"cassesa01","Sam Cassell",2004,"98",473,51404,"MIN","SAC","HOME","4","8:01",0,3,24,68,62
"630273",630273,630273,"cassesa01","Sam Cassell",2004,"251",381,51604,"MIN","SAC","AWAY","3","7:40",0,3,25,55,61
"630360",630360,630360,"cassesa01","Sam Cassell",2005,"254",373,110604,"MIN","NOH","HOME","2","00:03.9",0,3,24,54,40
"630427",630427,630427,"cassesa01","Sam Cassell",2005,"290",322,112204,"MIN","DAL","AWAY","2","2:01",0,3,25,36,41
"630463",630463,630463,"cassesa01","Sam Cassell",2005,"67",463,112804,"MIN","SAC","AWAY","2","6:02",0,3,22,47,45
"630503",630503,630503,"cassesa01","Sam Cassell",2005,"244",398,120304,"MIN","PHO","AWAY","4","6:57",0,3,25,80,79
"630509",630509,630509,"cassesa01","Sam Cassell",2005,"219",422,120304,"MIN","PHO","AWAY","4","1:01",0,3,25,94,87
"630513",630513,630513,"cassesa01","Sam Cassell",2005,"279",340,120404,"MIN","LAC","AWAY","2","3:54",1,3,25,43,34
"630516",630516,630516,"cassesa01","Sam Cassell",2005,"302",340,120404,"MIN","LAC","AWAY","3","5:25",0,3,27,59,58
"630517",630517,630517,"cassesa01","Sam Cassell",2005,"274",378,120404,"MIN","LAC","AWAY","4","8:44",0,3,26,76,75
"630526",630526,630526,"cassesa01","Sam Cassell",2005,"285",330,120404,"MIN","LAC","AWAY","1OT","1:16",0,3,25,99,96
"630534",630534,630534,"cassesa01","Sam Cassell",2005,"190",445,120704,"MIN","DAL","HOME","2","00:09.9",0,3,25,44,50
"630549",630549,630549,"cassesa01","Sam Cassell",2005,"208",424,121004,"MIN","SAC","HOME","2","1:12",0,3,24,44,50
"630602",630602,630602,"cassesa01","Sam Cassell",2005,"251",384,121504,"MIN","TOR","AWAY","4","00:20.9",0,3,25,88,94
"630624",630624,630624,"cassesa01","Sam Cassell",2005,"279",335,122104,"MIN","CLE","AWAY","3","7:29",0,3,25,53,60
"630629",630629,630629,"cassesa01","Sam Cassell",2005,"251",383,122104,"MIN","CLE","AWAY","4","1:17",0,3,25,91,101
"630658",630658,630658,"cassesa01","Sam Cassell",2005,"22",475,122904,"MIN","NYK","AWAY","4","6:23",1,3,24,78,77
"630783",630783,630783,"cassesa01","Sam Cassell",2005,"272",355,20405,"MIN","HOU","HOME","1OT","1:38",0,3,25,107,112
"630785",630785,630785,"cassesa01","Sam Cassell",2005,"288",322,20405,"MIN","HOU","HOME","1OT","00:03.9",0,3,25,113,117
"630825",630825,630825,"cassesa01","Sam Cassell",2005,"282",322,31505,"MIN","DAL","AWAY","3","5:00",0,3,25,58,49
"630828",630828,630828,"cassesa01","Sam Cassell",2005,"292",460,31505,"MIN","DAL","AWAY","3","00:00.4",0,3,33,65,60
"630840",630840,630840,"cassesa01","Sam Cassell",2005,"47",465,32005,"MIN","HOU","HOME","2","11:24",1,3,23,28,17
"630841",630841,630841,"cassesa01","Sam Cassell",2005,"58",473,32005,"MIN","HOU","HOME","2","10:20",1,3,23,31,19
"630858",630858,630858,"cassesa01","Sam Cassell",2005,"63",468,32305,"MIN","NOH","HOME","4","2:17",0,3,23,99,93
"630918",630918,630918,"cassesa01","Sam Cassell",2005,"218",417,40305,"MIN","SAC","AWAY","4","8:01",0,3,24,91,80
"630919",630919,630919,"cassesa01","Sam Cassell",2005,"247",383,40305,"MIN","SAC","AWAY","4","1:09",0,3,24,107,96
"630944",630944,630944,"cassesa01","Sam Cassell",2005,"302",366,40805,"MIN","DEN","HOME","4","00:03.9",0,3,28,104,107
"631053",631053,631053,"cassesa01","Sam Cassell",2006,"274",352,110505,"LAC","MIN","HOME","4","7:15",0,3,25,78,76
"631065",631065,631065,"cassesa01","Sam Cassell",2006,"267",366,110705,"LAC","MIN","AWAY","3","4:19",0,3,25,55,59
"631094",631094,631094,"cassesa01","Sam Cassell",2006,"32",468,111305,"LAC","PHI","AWAY","1","10:24",0,3,23,2,2
"631154",631154,631154,"cassesa01","Sam Cassell",2006,"65",483,112505,"LAC","DEN","AWAY","1","4:35",0,3,24,16,13
"631164",631164,631164,"cassesa01","Sam Cassell",2006,"173",450,112505,"LAC","DEN","AWAY","3","10:51",0,3,24,52,54
"631183",631183,631183,"cassesa01","Sam Cassell",2006,"249",384,112905,"LAC","MIN","AWAY","3","4:47",1,3,25,65,57
"631184",631184,631184,"cassesa01","Sam Cassell",2006,"264",352,112905,"LAC","MIN","AWAY","3","4:10",0,3,24,65,57
"631216",631216,631216,"cassesa01","Sam Cassell",2006,"219",427,120505,"LAC","MIA","HOME","2","4:06",1,3,25,41,39
"631231",631231,631231,"cassesa01","Sam Cassell",2006,"241",393,120705,"LAC","NYK","HOME","3","6:52",0,3,24,43,55
"631233",631233,631233,"cassesa01","Sam Cassell",2006,"251",401,120705,"LAC","NYK","HOME","4","4:42",0,3,26,69,69
"631415",631415,631415,"cassesa01","Sam Cassell",2006,"180",447,10606,"LAC","SAC","AWAY","4","2:01",1,3,24,108,112
"631520",631520,631520,"cassesa01","Sam Cassell",2006,"139",465,12206,"LAC","GSW","HOME","3","3:30",1,3,24,81,66
"631564",631564,631564,"cassesa01","Sam Cassell",2006,"200",445,12706,"LAC","DEN","AWAY","3","9:52",1,3,25,61,60
"631570",631570,631570,"cassesa01","Sam Cassell",2006,"233",412,12706,"LAC","DEN","AWAY","4","7:57",1,3,25,86,74
"631576",631576,631576,"cassesa01","Sam Cassell",2006,"249",394,12706,"LAC","DEN","AWAY","4","00:34.9",0,3,25,103,86
"631606",631606,631606,"cassesa01","Sam Cassell",2006,"257",383,20106,"LAC","ORL","AWAY","2","4:50",1,3,25,48,36
"631630",631630,631630,"cassesa01","Sam Cassell",2006,"260",376,20306,"LAC","BOS","AWAY","4","4:15",1,3,25,84,78
"631658",631658,631658,"cassesa01","Sam Cassell",2006,"206",424,20706,"LAC","NYK","AWAY","2","00:42.9",0,3,24,36,37
"631681",631681,631681,"cassesa01","Sam Cassell",2006,"254",363,21206,"LAC","CHI","HOME","2","3:11",0,3,24,43,39
"631685",631685,631685,"cassesa01","Sam Cassell",2006,"305",334,21206,"LAC","CHI","HOME","3","10:29",1,3,27,53,55
"631804",631804,631804,"cassesa01","Sam Cassell",2006,"293",322,30106,"LAC","NOK","HOME","3","2:40",0,3,26,62,59
"631848",631848,631848,"cassesa01","Sam Cassell",2006,"257",412,31006,"LAC","CHI","AWAY","3","10:35",1,3,27,52,45
"631923",631923,631923,"cassesa01","Sam Cassell",2006,"88",472,32106,"LAC","NOK","AWAY","1","4:08",0,3,24,13,12
"631943",631943,631943,"cassesa01","Sam Cassell",2006,"60",465,32306,"LAC","MEM","AWAY","4","6:28",0,3,23,63,74
"631954",631954,631954,"cassesa01","Sam Cassell",2006,"264",360,32506,"LAC","WAS","HOME","2","00:01.9",0,3,25,63,47
"631959",631959,631959,"cassesa01","Sam Cassell",2006,"172",455,32506,"LAC","WAS","HOME","3","4:41",0,3,25,82,60
"631964",631964,631964,"cassesa01","Sam Cassell",2006,"216",419,32606,"LAC","POR","AWAY","1","5:07",0,3,24,16,6
"632038",632038,632038,"cassesa01","Sam Cassell",2006,"272",376,40706,"LAC","SAC","HOME","4","2:52",1,3,26,91,87
"632046",632046,632046,"cassesa01","Sam Cassell",2006,"295",325,40906,"LAC","LAL","AWAY","1","3:34",0,3,26,16,11
"632117",632117,632117,"cassesa01","Sam Cassell",2006,"241",398,42206,"LAC","DEN","HOME","4","8:43",1,3,25,79,72
"632121",632121,632121,"cassesa01","Sam Cassell",2006,"229",407,42406,"LAC","DEN","HOME","1","2:21",1,3,24,28,13
"632125",632125,632125,"cassesa01","Sam Cassell",2006,"264",381,42406,"LAC","DEN","HOME","2","3:07",0,3,26,44,27
"632146",632146,632146,"cassesa01","Sam Cassell",2006,"78",473,42706,"LAC","DEN","AWAY","4","00:21.9",0,3,23,87,93
"632169",632169,632169,"cassesa01","Sam Cassell",2006,"264",381,50806,"LAC","PHO","AWAY","1","7:35",0,3,26,5,8
"632203",632203,632203,"cassesa01","Sam Cassell",2006,"251",406,51206,"LAC","PHO","HOME","3","9:01",0,3,26,53,51
"632213",632213,632213,"cassesa01","Sam Cassell",2006,"275",381,51406,"LAC","PHO","HOME","1","6:17",0,3,27,17,18
"632226",632226,632226,"cassesa01","Sam Cassell",2006,"75",472,51406,"LAC","PHO","HOME","4","5:54",1,3,23,106,93
"632241",632241,632241,"cassesa01","Sam Cassell",2006,"269",373,51606,"LAC","PHO","AWAY","4","7:28",1,3,26,88,90
"632252",632252,632252,"cassesa01","Sam Cassell",2006,"249",403,51606,"LAC","PHO","AWAY","2OT","00:20.9",0,3,26,118,123
"632284",632284,632284,"cassesa01","Sam Cassell",2007,"233",399,110106,"LAC","PHO","AWAY","4","9:35",0,3,24,78,82
"632310",632310,632310,"cassesa01","Sam Cassell",2007,"287",353,110206,"LAC","DEN","HOME","4","4:43",1,3,26,80,86
"632316",632316,632316,"cassesa01","Sam Cassell",2007,"293",335,110406,"LAC","PHO","HOME","1","6:10",0,3,26,9,14
"632352",632352,632352,"cassesa01","Sam Cassell",2007,"293",335,110806,"LAC","DAL","HOME","4","1:55",0,3,26,95,83
"632354",632354,632354,"cassesa01","Sam Cassell",2007,"259",383,111206,"LAC","NOK","HOME","1","6:07",0,3,25,4,6
"632410",632410,632410,"cassesa01","Sam Cassell",2007,"205",445,112106,"LAC","LAL","AWAY","4","00:19.9",0,3,26,96,103
"632475",632475,632475,"cassesa01","Sam Cassell",2007,"302",353,120206,"LAC","LAL","HOME","3","3:49",0,3,28,57,59
"632476",632476,632476,"cassesa01","Sam Cassell",2007,"282",363,120206,"LAC","LAL","HOME","4","3:09",0,3,26,77,85
"632502",632502,632502,"cassesa01","Sam Cassell",2007,"331",412,120906,"LAC","MEM","AWAY","4","10:33",0,3,33,71,60
"632546",632546,632546,"cassesa01","Sam Cassell",2007,"265",355,10807,"LAC","NOK","AWAY","2","1:34",0,3,24,42,49
"632555",632555,632555,"cassesa01","Sam Cassell",2007,"267",353,10807,"LAC","NOK","AWAY","4","9:12",1,3,24,79,77
"632572",632572,632572,"cassesa01","Sam Cassell",2007,"279",327,11007,"LAC","MIN","AWAY","4","6:25",1,3,25,84,81
"632575",632575,632575,"cassesa01","Sam Cassell",2007,"298",332,11307,"LAC","CLE","HOME","1","9:12",0,3,26,6,2
"632596",632596,632596,"cassesa01","Sam Cassell",2007,"279",357,11507,"LAC","GSW","AWAY","3","6:09",0,3,26,63,71
"632610",632610,632610,"cassesa01","Sam Cassell",2007,"228",421,11707,"LAC","GSW","HOME","3","10:39",1,3,25,69,55
"632653",632653,632653,"cassesa01","Sam Cassell",2007,"277",373,12507,"LAC","NJN","HOME","3","9:35",1,3,26,60,42
"632654",632654,632654,"cassesa01","Sam Cassell",2007,"265",409,12507,"LAC","NJN","HOME","3","5:42",0,3,27,66,53
"632658",632658,632658,"cassesa01","Sam Cassell",2007,"265",391,12507,"LAC","NJN","HOME","4","00:34.9",0,3,26,99,101
"632669",632669,632669,"cassesa01","Sam Cassell",2007,"302",340,12807,"LAC","SEA","AWAY","1","5:42",1,3,27,15,12
"632671",632671,632671,"cassesa01","Sam Cassell",2007,"254",407,12807,"LAC","SEA","AWAY","1","2:29",1,3,26,21,17
"632676",632676,632676,"cassesa01","Sam Cassell",2007,"283",371,12807,"LAC","SEA","AWAY","3","4:57",1,3,27,74,39
"632695",632695,632695,"cassesa01","Sam Cassell",2007,"269",353,20207,"LAC","BOS","AWAY","1","6:13",0,3,25,13,9
"632707",632707,632707,"cassesa01","Sam Cassell",2007,"264",352,20407,"LAC","TOR","AWAY","1","8:14",0,3,24,6,9
"632725",632725,632725,"cassesa01","Sam Cassell",2007,"200",442,20607,"LAC","NYK","AWAY","4","5:09",0,3,25,78,86
"632745",632745,632745,"cassesa01","Sam Cassell",2007,"42",475,20907,"LAC","PHI","AWAY","1","00:25.3",1,3,24,19,22
"632786",632786,632786,"cassesa01","Sam Cassell",2007,"280",363,21407,"LAC","ATL","HOME","4","00:31.7",0,3,26,90,90
"632806",632806,632806,"cassesa01","Sam Cassell",2007,"62",490,22607,"LAC","CHA","HOME","2","00:38.6",0,3,25,55,42
"632810",632810,632810,"cassesa01","Sam Cassell",2007,"290",342,22607,"LAC","CHA","HOME","4","4:12",0,3,26,87,81
"632859",632859,632859,"cassesa01","Sam Cassell",2007,"246",411,33007,"LAC","SAC","AWAY","4","9:14",0,3,26,84,72
"632883",632883,632883,"cassesa01","Sam Cassell",2007,"221",429,41707,"LAC","PHO","AWAY","3","8:41",1,3,25,61,56
"632886",632886,632886,"cassesa01","Sam Cassell",2007,"264",365,41707,"LAC","PHO","AWAY","3","4:36",0,3,25,65,63
"632900",632900,632900,"cassesa01","Sam Cassell",2008,"259",386,110207,"LAC","GSW","HOME","1","2:39",0,3,25,26,21
"632990",632990,632990,"cassesa01","Sam Cassell",2008,"280",353,111607,"LAC","GSW","AWAY","1","3:57",1,3,26,21,18
"633030",633030,633030,"cassesa01","Sam Cassell",2008,"233",403,112407,"LAC","NOH","HOME","3","00:50.9",0,3,25,68,77
"633095",633095,633095,"cassesa01","Sam Cassell",2008,"300",342,10908,"LAC","ORL","HOME","4","9:42",0,3,27,85,94
"633154",633154,633154,"cassesa01","Sam Cassell",2008,"226",414,11908,"LAC","NJN","HOME","1OT","00:00.8",0,3,25,120,107
"633300",633300,633300,"cassesa01","Sam Cassell",2008,"200",453,31008,"BOS","PHI","AWAY","4","1:07",0,3,26,98,82
"633367",633367,633367,"cassesa01","Sam Cassell",2008,"50",470,40108,"BOS","CHI","AWAY","4","8:44",1,3,23,86,75
"633394",633394,633394,"cassesa01","Sam Cassell",2008,"155",470,41208,"BOS","ATL","AWAY","4","10:59",0,3,25,74,76
"633402",633402,633402,"cassesa01","Sam Cassell",2008,"280",375,41208,"BOS","ATL","AWAY","4","00:46.3",1,3,27,97,89
"633435",633435,633435,"cassesa01","Sam Cassell",2008,"251",394,42308,"BOS","ATL","HOME","2","10:19",0,3,25,28,22
"633453",633453,633453,"cassesa01","Sam Cassell",2008,"267",348,43008,"BOS","ATL","HOME","2","7:43",1,3,24,39,28
"633473",633473,633473,"cassesa01","Sam Cassell",2008,"223",427,50608,"BOS","CLE","HOME","4","9:08",0,3,25,59,60
"633476",633476,633476,"cassesa01","Sam Cassell",2008,"311",426,50608,"BOS","CLE","HOME","4","3:12",0,3,32,68,65
"633496",633496,633496,"cassesa01","Sam Cassell",2008,"231",396,51208,"BOS","CLE","AWAY","2","7:14",0,3,24,29,35
"633519",633519,633519,"cassesa01","Sam Cassell",2008,"72",470,60508,"BOS","LAL","HOME","2","5:30",0,3,23,40,35
"908732",908732,267922,"divacvl01","Vlade Divac",2001,"194",445,22501,"SAC","NYK","AWAY","3","9:52",0,3,25,56,52
"909024",909024,268214,"divacvl01","Vlade Divac",2001,"259",355,42901,"SAC","PHO","AWAY","3","3:45",1,3,24,73,66
"909098",909098,268288,"divacvl01","Vlade Divac",2002,"242",403,110301,"SAC","DEN","AWAY","1","9:27",1,3,25,6,4
"909200",909200,268390,"divacvl01","Vlade Divac",2002,"255",407,111801,"SAC","LAL","AWAY","4","00:29.1",1,3,26,85,89
"909718",909718,268908,"divacvl01","Vlade Divac",2002,"276",420,40302,"SAC","DET","AWAY","3","2:08",0,3,29,83,57
"909721",909721,268911,"divacvl01","Vlade Divac",2002,"50",477,40502,"SAC","UTA","AWAY","1","4:59",0,3,24,20,11
"909796",909796,268986,"divacvl01","Vlade Divac",2002,"200",445,42302,"SAC","UTA","HOME","1","8:21",0,3,25,2,1
"909970",909970,269160,"divacvl01","Vlade Divac",2003,"339",383,110202,"SAC","MEM","AWAY","3","0:01",0,3,32,88,69
"910024",910024,269214,"divacvl01","Vlade Divac",2003,"111",465,111502,"SAC","SEA","AWAY","1","2:25",0,3,23,22,23
"910284",910284,269474,"divacvl01","Vlade Divac",2003,"32",473,11803,"SAC","LAC","AWAY","4","5:34",1,3,23,95,94
"910296",910296,269486,"divacvl01","Vlade Divac",2003,"32",470,12003,"SAC","GSW","AWAY","2","5:25",0,3,23,40,30
"910320",910320,269510,"divacvl01","Vlade Divac",2003,"37",470,12403,"SAC","ATL","AWAY","1","5:45",0,3,23,20,13
"910325",910325,269515,"divacvl01","Vlade Divac",2003,"270",370,12403,"SAC","ATL","AWAY","4","00:41.8",0,3,26,104,115
"910341",910341,269531,"divacvl01","Vlade Divac",2003,"72",472,13003,"SAC","SEA","AWAY","1","2:56",1,3,23,22,16
"910352",910352,269542,"divacvl01","Vlade Divac",2003,"73",468,20203,"SAC","HOU","AWAY","1","11:22",0,3,23,0,0
"910542",910542,269732,"divacvl01","Vlade Divac",2003,"41",463,32903,"SAC","CHI","AWAY","3","6:06",0,3,22,67,62
"910770",910770,269960,"divacvl01","Vlade Divac",2004,"173",453,111303,"SAC","POR","AWAY","4","2:47",0,3,25,103,96
"910978",910978,270168,"divacvl01","Vlade Divac",2004,"53",473,10604,"SAC","ATL","HOME","2","1:23",0,3,23,59,39
"911112",911112,270302,"divacvl01","Vlade Divac",2004,"277",330,20604,"SAC","SAS","HOME","4","00:19.9",0,3,24,94,100
"911227",911227,270417,"divacvl01","Vlade Divac",2004,"246",378,30604,"SAC","MIA","AWAY","3","2:04",0,3,24,64,64
"911230",911230,270420,"divacvl01","Vlade Divac",2004,"236",427,30704,"SAC","ORL","AWAY","1","5:39",0,3,26,12,10
"911272",911272,270462,"divacvl01","Vlade Divac",2004,"231",426,31904,"SAC","IND","AWAY","1","8:57",0,3,26,4,8
"938504",938504,297694,"drumman01","Andre Drummond",2013,"231",417,110612,"DET","DEN","AWAY","2","11:18",1,3,25,24,26
"942974",942974,302164,"drumman01","Andre Drummond",2018,"196",438,11018,"DET","BRK","AWAY","3","7:05",0,3,24,75,48
"943020",943020,302210,"drumman01","Andre Drummond",2018,"398",392,12118,"DET","BRK","HOME","1","0:00",0,3,37,20,30
"943048",943048,302238,"drumman01","Andre Drummond",2018,"226",406,12718,"DET","OKC","HOME","3","9:12",0,3,24,57,76
"943236",943236,302426,"drumman01","Andre Drummond",2018,"275",398,22818,"DET","MIL","HOME","3","4:24",0,3,27,71,60
